Aggregate Signal,Aggregate Noise,SNR,SNR (dB)
86.71149826049805,3.0148083472110128,28.76186087843306,29.176339625239383
