Aggregate Signal,Aggregate Noise,SNR,SNR (dB)
201.43353271484375,19.003333539556394,10.599905132143776,20.506039567991937
